{"flutter":{"platforms":{"android":{"default":{"projectId":"vendapp-2e5cc","appId":"1:573478722452:android:37ccbe811f718cef720d81","fileOutput":"android/app/google-services.json"}},"dart":{"lib/firebase_options.dart":{"projectId":"vendapp-2e5cc","configurations":{"android":"1:573478722452:android:37ccbe811f718cef720d81","ios":"1:573478722452:ios:0d96450d6196ce3b720d81","macos":"1:573478722452:ios:0d96450d6196ce3b720d81","web":"1:573478722452:web:9026d02d874437b8720d81","windows":"1:573478722452:web:3de9a53805b02d5a720d81"}}}}}}